cvId,googleDriveUrl
1,https://drive.google.com/file/d/1X9EvjAffKrfiGZb_3EHQ2JtV2qbIEZXe/view?usp=drive_link
2,https://drive.google.com/file/d/1c0lTZNiBvcH8oh-eJB3yIVVF0dkiedSsq/view?usp=drive_link
3,https://drive.google.com/file/d/1OUikCeiBI4DFSQzEwIYcHb27-ItauBDe/view?usp=drive_link
4,https://drive.google.com/file/d/1TOLm0M8jjcq6d7cHq1du1yOhj2elLoMw/view?usp=drive_link
5,https://drive.google.com/file/d/1VmGvhMhrpX6ZjcNesSDRBIS5YOFYAgwi/view?usp=drive_link
6,https://drive.google.com/file/d/1_iMzbR-6lnRBVvfprQ8ay7WB35DZAC_OK/view?usp=drive_link
7,https://drive.google.com/file/d/1GVyy2ETeJaYpafo2QGYzlUQLhI8ZzsUO/view?usp=drive_link
8,https://drive.google.com/file/d/1jbwH1MA2zXHVwkxL9CYjTAUZkxoYal4q/view?usp=drive_link
9,https://drive.google.com/file/d/1L_8N3FsOF3rluPqZMCGuuKqfzf1hPqGsM/view?usp=drive_link
10,https://drive.google.com/file/d/1EOOpp_BDBlfTC31-V2v_Y_xtmAuOyooL/view?usp=drive_link

